Category,Filename,Original Question,Question Variation,Answer,Source Type
การฝึกซ้อมกล้ามเนื้อ,Workout P'Boss.pdf,การฝึก Upper/Lower มีข้อดีอะไรบ้าง?,การฝึก Upper/Lower มีข้อดีอะไรบ้าง?,การฝึก Upper/Lower มีข้อดีคือ การสร้างกล้ามเนื้อได้ดีจากการกระตุ้นในจำนวนครั้งที่น้อยเพียง 2 ครั้งต่อสัปดาห์ และระยะเวลาในการฝึกในยิมไม่ยาวนานเกินไปเมื่อเปรียบเทียบกับตารางฝึก Fullbody ที่ต้องเล่นทุกกล้ามเนื้อในแต่ละครั้ง ซึ่งทำให้การแบ่งเวลาในการเล่นในแต่ละ session น้อยลงเกือบครึ่ง ทำให้เหมาะกับคนที่มีเวลาจำกัด.,LLM
การฝึกซ้อมกล้ามเนื้อ,Workout P'Boss.pdf,การฝึก Upper/Lower มีข้อดีอะไรบ้าง?,การฝึก Upper/Lower มีประโยชน์อย่างไรบ้าง?,การฝึก Upper/Lower มีข้อดีคือ การสร้างกล้ามเนื้อได้ดีจากการกระตุ้นในจำนวนครั้งที่น้อยเพียง 2 ครั้งต่อสัปดาห์ และระยะเวลาในการฝึกในยิมไม่ยาวนานเกินไปเมื่อเปรียบเทียบกับตารางฝึก Fullbody ที่ต้องเล่นทุกกล้ามเนื้อในแต่ละครั้ง ซึ่งทำให้การแบ่งเวลาในการเล่นในแต่ละ session น้อยลงเกือบครึ่ง ทำให้เหมาะกับคนที่มีเวลาจำกัด.,LLM
การฝึกซ้อมกล้ามเนื้อ,Workout P'Boss.pdf,การฝึก Upper/Lower มีข้อดีอะไรบ้าง?,การทำ Upper/Lower มีข้อดีอะไรบ้างสำหรับคนที่เข้าฟิตเนส?,การฝึก Upper/Lower มีข้อดีคือ การสร้างกล้ามเนื้อได้ดีจากการกระตุ้นในจำนวนครั้งที่น้อยเพียง 2 ครั้งต่อสัปดาห์ และระยะเวลาในการฝึกในยิมไม่ยาวนานเกินไปเมื่อเปรียบเทียบกับตารางฝึก Fullbody ที่ต้องเล่นทุกกล้ามเนื้อในแต่ละครั้ง ซึ่งทำให้การแบ่งเวลาในการเล่นในแต่ละ session น้อยลงเกือบครึ่ง ทำให้เหมาะกับคนที่มีเวลาจำกัด.,LLM
การฝึกซ้อมกล้ามเนื้อ,Workout P'Boss.pdf,การฝึก Upper/Lower มีข้อดีอะไรบ้าง?,ควรฝึก Upper/Lower หรือไม่ แล้วมีข้อดีอย่างไร?,การฝึก Upper/Lower มีข้อดีคือ การสร้างกล้ามเนื้อได้ดีจากการกระตุ้นในจำนวนครั้งที่น้อยเพียง 2 ครั้งต่อสัปดาห์ และระยะเวลาในการฝึกในยิมไม่ยาวนานเกินไปเมื่อเปรียบเทียบกับตารางฝึก Fullbody ที่ต้องเล่นทุกกล้ามเนื้อในแต่ละครั้ง ซึ่งทำให้การแบ่งเวลาในการเล่นในแต่ละ session น้อยลงเกือบครึ่ง ทำให้เหมาะกับคนที่มีเวลาจำกัด.,LLM
การฝึกซ้อมกล้ามเนื้อ,Workout P'Boss.pdf,การฝึก Upper/Lower มีข้อดีอะไรบ้าง?,การฝึกแบบ Upper/Lower นั้นดีอย่างไร?,การฝึก Upper/Lower มีข้อดีคือ การสร้างกล้ามเนื้อได้ดีจากการกระตุ้นในจำนวนครั้งที่น้อยเพียง 2 ครั้งต่อสัปดาห์ และระยะเวลาในการฝึกในยิมไม่ยาวนานเกินไปเมื่อเปรียบเทียบกับตารางฝึก Fullbody ที่ต้องเล่นทุกกล้ามเนื้อในแต่ละครั้ง ซึ่งทำให้การแบ่งเวลาในการเล่นในแต่ละ session น้อยลงเกือบครึ่ง ทำให้เหมาะกับคนที่มีเวลาจำกัด.,LLM
การฝึกซ้อมกล้ามเนื้อ,Workout P'Boss.pdf,การฝึก Upper/Lower มีข้อดีอะไรบ้าง?,ทำไมควรเลือกการฝึก Upper/Lower และมีข้อดีอย่างไร?,การฝึก Upper/Lower มีข้อดีคือ การสร้างกล้ามเนื้อได้ดีจากการกระตุ้นในจำนวนครั้งที่น้อยเพียง 2 ครั้งต่อสัปดาห์ และระยะเวลาในการฝึกในยิมไม่ยาวนานเกินไปเมื่อเปรียบเทียบกับตารางฝึก Fullbody ที่ต้องเล่นทุกกล้ามเนื้อในแต่ละครั้ง ซึ่งทำให้การแบ่งเวลาในการเล่นในแต่ละ session น้อยลงเกือบครึ่ง ทำให้เหมาะกับคนที่มีเวลาจำกัด.,LLM
การฝึกซ้อมกล้ามเนื้อ,Workout P'Boss.pdf,การฝึก Upper/Lower มีข้อเสียอะไรบ้าง?,การฝึก Upper/Lower มีข้อเสียอะไรบ้าง?,การฝึก Upper/Lower มีข้อเสียคือ วันฝึก Lower อาจทำให้บางคนรู้สึกเบื่อ เนื่องจากเป็นการเล่นขาที่อาจน่าสนใจกว่าวัน Upper. และในวัน Upper ระยะเวลาในการฝึกอาจนานกว่าวัน Lower เพราะมีการฝึกกล้ามเนื้อหลากหลายมัด.,LLM
การฝึกซ้อมกล้ามเนื้อ,Workout P'Boss.pdf,การฝึก Upper/Lower มีข้อเสียอะไรบ้าง?,การฝึก Upper/Lower มีข้อดีและข้อเสียอย่างไร?,การฝึก Upper/Lower มีข้อเสียคือ วันฝึก Lower อาจทำให้บางคนรู้สึกเบื่อ เนื่องจากเป็นการเล่นขาที่อาจน่าสนใจกว่าวัน Upper. และในวัน Upper ระยะเวลาในการฝึกอาจนานกว่าวัน Lower เพราะมีการฝึกกล้ามเนื้อหลากหลายมัด.,LLM
การฝึกซ้อมกล้ามเนื้อ,Workout P'Boss.pdf,การฝึก Upper/Lower มีข้อเสียอะไรบ้าง?,ข้อเสียของการออกกำลังกายแบบ Upper/Lower คืออะไร?,การฝึก Upper/Lower มีข้อเสียคือ วันฝึก Lower อาจทำให้บางคนรู้สึกเบื่อ เนื่องจากเป็นการเล่นขาที่อาจน่าสนใจกว่าวัน Upper. และในวัน Upper ระยะเวลาในการฝึกอาจนานกว่าวัน Lower เพราะมีการฝึกกล้ามเนื้อหลากหลายมัด.,LLM
การฝึกซ้อมกล้ามเนื้อ,Workout P'Boss.pdf,การฝึก Upper/Lower มีข้อเสียอะไรบ้าง?,มีอะไรบ้างที่ไม่ดีเกี่ยวกับการฝึก Upper/Lower?,การฝึก Upper/Lower มีข้อเสียคือ วันฝึก Lower อาจทำให้บางคนรู้สึกเบื่อ เนื่องจากเป็นการเล่นขาที่อาจน่าสนใจกว่าวัน Upper. และในวัน Upper ระยะเวลาในการฝึกอาจนานกว่าวัน Lower เพราะมีการฝึกกล้ามเนื้อหลากหลายมัด.,LLM
การฝึกซ้อมกล้ามเนื้อ,Workout P'Boss.pdf,การฝึก Upper/Lower มีข้อเสียอะไรบ้าง?,การฝึก Upper/Lower นั้นมีผลเสียอย่างไร?,การฝึก Upper/Lower มีข้อเสียคือ วันฝึก Lower อาจทำให้บางคนรู้สึกเบื่อ เนื่องจากเป็นการเล่นขาที่อาจน่าสนใจกว่าวัน Upper. และในวัน Upper ระยะเวลาในการฝึกอาจนานกว่าวัน Lower เพราะมีการฝึกกล้ามเนื้อหลากหลายมัด.,LLM
การฝึกซ้อมกล้ามเนื้อ,Workout P'Boss.pdf,การฝึก Upper/Lower มีข้อเสียอะไรบ้าง?,การออกกำลังกายแบบ Upper/Lower อาจมีข้อเสียอะไรบ้าง?,การฝึก Upper/Lower มีข้อเสียคือ วันฝึก Lower อาจทำให้บางคนรู้สึกเบื่อ เนื่องจากเป็นการเล่นขาที่อาจน่าสนใจกว่าวัน Upper. และในวัน Upper ระยะเวลาในการฝึกอาจนานกว่าวัน Lower เพราะมีการฝึกกล้ามเนื้อหลากหลายมัด.,LLM
วันฝึก,Workout P'Boss.pdf,การฝึก Upper/Lower สมควรจัดตารางอย่างไรเมื่อฝึก 4 วันต่อสัปดาห์?,การฝึก Upper/Lower สมควรจัดตารางอย่างไรเมื่อฝึก 4 วันต่อสัปดาห์?,"ถ้าฝึก 4 วันต่อสัปดาห์ สามารถตั้งตารางการฝึกได้ดังนี้: จันทร์ Upper, อังคาร Lower, พุธ Rest, พฤหัสบดี Upper, ศุกร์ Lower, เสาร์ Rest, อาทิตย์ Rest.",LLM
วันฝึก,Workout P'Boss.pdf,การฝึก Upper/Lower สมควรจัดตารางอย่างไรเมื่อฝึก 4 วันต่อสัปดาห์?,การฝึก Upper/Lower ควรจัดตารางอย่างไรเมื่อฝึก 4 วันในสัปดาห์?,"ถ้าฝึก 4 วันต่อสัปดาห์ สามารถตั้งตารางการฝึกได้ดังนี้: จันทร์ Upper, อังคาร Lower, พุธ Rest, พฤหัสบดี Upper, ศุกร์ Lower, เสาร์ Rest, อาทิตย์ Rest.",LLM
วันฝึก,Workout P'Boss.pdf,การฝึก Upper/Lower สมควรจัดตารางอย่างไรเมื่อฝึก 4 วันต่อสัปดาห์?,ถ้าฝึก Upper/Lower 4 วันต่อสัปดาห์ ควรจัดตารางยังไงดี?,"ถ้าฝึก 4 วันต่อสัปดาห์ สามารถตั้งตารางการฝึกได้ดังนี้: จันทร์ Upper, อังคาร Lower, พุธ Rest, พฤหัสบดี Upper, ศุกร์ Lower, เสาร์ Rest, อาทิตย์ Rest.",LLM
วันฝึก,Workout P'Boss.pdf,การฝึก Upper/Lower สมควรจัดตารางอย่างไรเมื่อฝึก 4 วันต่อสัปดาห์?,มีวิธีจัดตารางการฝึก Upper/Lower อย่างไรเมื่อฝึก 4 วันต่อสัปดาห์?,"ถ้าฝึก 4 วันต่อสัปดาห์ สามารถตั้งตารางการฝึกได้ดังนี้: จันทร์ Upper, อังคาร Lower, พุธ Rest, พฤหัสบดี Upper, ศุกร์ Lower, เสาร์ Rest, อาทิตย์ Rest.",LLM
วันฝึก,Workout P'Boss.pdf,การฝึก Upper/Lower สมควรจัดตารางอย่างไรเมื่อฝึก 4 วันต่อสัปดาห์?,การแบ่งตารางเพื่อฝึก Upper/Lower 4 วันต่อสัปดาห์ควรทำอย่างไร?,"ถ้าฝึก 4 วันต่อสัปดาห์ สามารถตั้งตารางการฝึกได้ดังนี้: จันทร์ Upper, อังคาร Lower, พุธ Rest, พฤหัสบดี Upper, ศุกร์ Lower, เสาร์ Rest, อาทิตย์ Rest.",LLM
วันฝึก,Workout P'Boss.pdf,การฝึก Upper/Lower สมควรจัดตารางอย่างไรเมื่อฝึก 4 วันต่อสัปดาห์?,การฝึก Upper/Lower ในตาราง 4 วันต่อสัปดาห์ควรเป็นแบบไหน?,"ถ้าฝึก 4 วันต่อสัปดาห์ สามารถตั้งตารางการฝึกได้ดังนี้: จันทร์ Upper, อังคาร Lower, พุธ Rest, พฤหัสบดี Upper, ศุกร์ Lower, เสาร์ Rest, อาทิตย์ Rest.",LLM
วันฝึก,Workout P'Boss.pdf,การฝึก Upper/Lower สมควรจัดตารางอย่างไรเมื่อฝึก 3 วันต่อสัปดาห์?,การฝึก Upper/Lower สมควรจัดตารางอย่างไรเมื่อฝึก 3 วันต่อสัปดาห์?,"ถ้าฝึก 3 วันต่อสัปดาห์ สามารถตั้งตารางการฝึกได้ดังนี้: จันทร์ Upper, อังคาร Lower, พุธ Rest, พฤหัสบดี Upper, ศุกร์ Rest, เสาร์ Rest, อาทิตย์ Rest.",LLM
วันฝึก,Workout P'Boss.pdf,การฝึก Upper/Lower สมควรจัดตารางอย่างไรเมื่อฝึก 3 วันต่อสัปดาห์?,เมื่อฝึก 3 วันต่อสัปดาห์ ควรวางแผนการฝึก Upper/Lower อย่างไรดี?,"ถ้าฝึก 3 วันต่อสัปดาห์ สามารถตั้งตารางการฝึกได้ดังนี้: จันทร์ Upper, อังคาร Lower, พุธ Rest, พฤหัสบดี Upper, ศุกร์ Rest, เสาร์ Rest, อาทิตย์ Rest.",LLM
วันฝึก,Workout P'Boss.pdf,การฝึก Upper/Lower สมควรจัดตารางอย่างไรเมื่อฝึก 3 วันต่อสัปดาห์?,จะมีวิธีจัดตารางการฝึก Upper/Lower สำหรับฝึก 3 วันต่อสัปดาห์อย่างไร?,"ถ้าฝึก 3 วันต่อสัปดาห์ สามารถตั้งตารางการฝึกได้ดังนี้: จันทร์ Upper, อังคาร Lower, พุธ Rest, พฤหัสบดี Upper, ศุกร์ Rest, เสาร์ Rest, อาทิตย์ Rest.",LLM
วันฝึก,Workout P'Boss.pdf,การฝึก Upper/Lower สมควรจัดตารางอย่างไรเมื่อฝึก 3 วันต่อสัปดาห์?,การจัดตารางฝึก Upper/Lower สำหรับ 3 วันต่อสัปดาห์ควรทำอย่างไร?,"ถ้าฝึก 3 วันต่อสัปดาห์ สามารถตั้งตารางการฝึกได้ดังนี้: จันทร์ Upper, อังคาร Lower, พุธ Rest, พฤหัสบดี Upper, ศุกร์ Rest, เสาร์ Rest, อาทิตย์ Rest.",LLM
วันฝึก,Workout P'Boss.pdf,การฝึก Upper/Lower สมควรจัดตารางอย่างไรเมื่อฝึก 3 วันต่อสัปดาห์?,ถ้าฝึก Upper/Lower 3 วันในหนึ่งสัปดาห์ ควรมีการจัดตารางอย่างไร?,"ถ้าฝึก 3 วันต่อสัปดาห์ สามารถตั้งตารางการฝึกได้ดังนี้: จันทร์ Upper, อังคาร Lower, พุธ Rest, พฤหัสบดี Upper, ศุกร์ Rest, เสาร์ Rest, อาทิตย์ Rest.",LLM
วันฝึก,Workout P'Boss.pdf,การฝึก Upper/Lower สมควรจัดตารางอย่างไรเมื่อฝึก 3 วันต่อสัปดาห์?,ต้องจัดโปรแกรมการฝึก Upper/Lower อย่างไรเมื่อเลือกฝึก 3 วันในแต่ละสัปดาห์?,"ถ้าฝึก 3 วันต่อสัปดาห์ สามารถตั้งตารางการฝึกได้ดังนี้: จันทร์ Upper, อังคาร Lower, พุธ Rest, พฤหัสบดี Upper, ศุกร์ Rest, เสาร์ Rest, อาทิตย์ Rest.",LLM
ท่าฝึก,Workout P'Boss.pdf,ท่าฝึก Incline Dumbbell Press ควรปรับเบาะอย่างไร?,ท่าฝึก Incline Dumbbell Press ควรปรับเบาะอย่างไร?,ในการฝึก Incline Dumbbell Press ควรปรับเบาะขึ้นจากต่ำสุดมา 2-3 ช่อง หรือประมาณ 30-45 องศา และระหว่างเล่นควรให้ดัมเบลกับข้อมือและข้อศอกอยู่ในระนาบเดียวกันตามที่แสดงในรูป.,LLM
ท่าฝึก,Workout P'Boss.pdf,ท่าฝึก Incline Dumbbell Press ควรปรับเบาะอย่างไร?,ต้องปรับเบาะอย่างไรสำหรับการฝึก Incline Dumbbell Press?,ในการฝึก Incline Dumbbell Press ควรปรับเบาะขึ้นจากต่ำสุดมา 2-3 ช่อง หรือประมาณ 30-45 องศา และระหว่างเล่นควรให้ดัมเบลกับข้อมือและข้อศอกอยู่ในระนาบเดียวกันตามที่แสดงในรูป.,LLM
ท่าฝึก,Workout P'Boss.pdf,ท่าฝึก Incline Dumbbell Press ควรปรับเบาะอย่างไร?,เบาะควรตั้งค่าอย่างไรเมื่อทำ Incline Dumbbell Press?,ในการฝึก Incline Dumbbell Press ควรปรับเบาะขึ้นจากต่ำสุดมา 2-3 ช่อง หรือประมาณ 30-45 องศา และระหว่างเล่นควรให้ดัมเบลกับข้อมือและข้อศอกอยู่ในระนาบเดียวกันตามที่แสดงในรูป.,LLM
ท่าฝึก,Workout P'Boss.pdf,ท่าฝึก Incline Dumbbell Press ควรปรับเบาะอย่างไร?,ในการทำ Incline Dumbbell Press ควรปรับเบาะให้มีมุมไหน?,ในการฝึก Incline Dumbbell Press ควรปรับเบาะขึ้นจากต่ำสุดมา 2-3 ช่อง หรือประมาณ 30-45 องศา และระหว่างเล่นควรให้ดัมเบลกับข้อมือและข้อศอกอยู่ในระนาบเดียวกันตามที่แสดงในรูป.,LLM
ท่าฝึก,Workout P'Boss.pdf,ท่าฝึก Incline Dumbbell Press ควรปรับเบาะอย่างไร?,หากต้องการทำ Incline Dumbbell Press ควรปรับเบาะเป็นลักษณะใด?,ในการฝึก Incline Dumbbell Press ควรปรับเบาะขึ้นจากต่ำสุดมา 2-3 ช่อง หรือประมาณ 30-45 องศา และระหว่างเล่นควรให้ดัมเบลกับข้อมือและข้อศอกอยู่ในระนาบเดียวกันตามที่แสดงในรูป.,LLM
ท่าฝึก,Workout P'Boss.pdf,ท่าฝึก Incline Dumbbell Press ควรปรับเบาะอย่างไร?,ควรตั้งเบาะที่ระดับไหนเมื่อฝึก Incline Dumbbell Press?,ในการฝึก Incline Dumbbell Press ควรปรับเบาะขึ้นจากต่ำสุดมา 2-3 ช่อง หรือประมาณ 30-45 องศา และระหว่างเล่นควรให้ดัมเบลกับข้อมือและข้อศอกอยู่ในระนาบเดียวกันตามที่แสดงในรูป.,LLM
ท่าฝึก,Workout P'Boss.pdf,ในการทำ Dumbbell Shoulder Press ควรปรับเบาะยังไง และมีข้อควรระวังอะไร?,ในการทำ Dumbbell Shoulder Press ควรปรับเบาะยังไง และมีข้อควรระวังอะไร?,ในการทำ Dumbbell Shoulder Press ควรปรับเบาะลงมาจากบนสุด 1 ช่อง และจังหวะตอนลงควรทำให้ดัมเบลลงมาเสมอหู หรือถ้าทำได้ควรให้ติดไหล่เพื่อให้ได้การฝึกที่มีประสิทธิภาพ.,LLM
ท่าฝึก,Workout P'Boss.pdf,ในการทำ Dumbbell Shoulder Press ควรปรับเบาะยังไง และมีข้อควรระวังอะไร?,ในการทำ Dumbbell Shoulder Press ควรปรับเบาะให้เหมาะสมอย่างไร และมีข้อควรระวังอะไรบ้าง?,ในการทำ Dumbbell Shoulder Press ควรปรับเบาะลงมาจากบนสุด 1 ช่อง และจังหวะตอนลงควรทำให้ดัมเบลลงมาเสมอหู หรือถ้าทำได้ควรให้ติดไหล่เพื่อให้ได้การฝึกที่มีประสิทธิภาพ.,LLM
ท่าฝึก,Workout P'Boss.pdf,ในการทำ Dumbbell Shoulder Press ควรปรับเบาะยังไง และมีข้อควรระวังอะไร?,ปรับเบาะสำหรับ Dumbbell Shoulder Press ควรทำอย่างไร และต้องระวังอะไรบ้าง?,ในการทำ Dumbbell Shoulder Press ควรปรับเบาะลงมาจากบนสุด 1 ช่อง และจังหวะตอนลงควรทำให้ดัมเบลลงมาเสมอหู หรือถ้าทำได้ควรให้ติดไหล่เพื่อให้ได้การฝึกที่มีประสิทธิภาพ.,LLM
ท่าฝึก,Workout P'Boss.pdf,ในการทำ Dumbbell Shoulder Press ควรปรับเบาะยังไง และมีข้อควรระวังอะไร?,Dumbbell Shoulder Press ต้องปรับเบาะยังไงดี และควรระวังอะไรในระหว่างการฝึก?,ในการทำ Dumbbell Shoulder Press ควรปรับเบาะลงมาจากบนสุด 1 ช่อง และจังหวะตอนลงควรทำให้ดัมเบลลงมาเสมอหู หรือถ้าทำได้ควรให้ติดไหล่เพื่อให้ได้การฝึกที่มีประสิทธิภาพ.,LLM
ท่าฝึก,Workout P'Boss.pdf,ในการทำ Dumbbell Shoulder Press ควรปรับเบาะยังไง และมีข้อควรระวังอะไร?,ในการฝึก Dumbbell Shoulder Press ควรปรับเบาะอย่างไร และมีสิ่งที่ควรระวังอะไรหรือไม่?,ในการทำ Dumbbell Shoulder Press ควรปรับเบาะลงมาจากบนสุด 1 ช่อง และจังหวะตอนลงควรทำให้ดัมเบลลงมาเสมอหู หรือถ้าทำได้ควรให้ติดไหล่เพื่อให้ได้การฝึกที่มีประสิทธิภาพ.,LLM
ท่าฝึก,Workout P'Boss.pdf,ในการทำ Dumbbell Shoulder Press ควรปรับเบาะยังไง และมีข้อควรระวังอะไร?,สำหรับการทำ Dumbbell Shoulder Press ควรมีการปรับเบาะอย่างไร และควรใส่ใจเรื่องไหนบ้าง?,ในการทำ Dumbbell Shoulder Press ควรปรับเบาะลงมาจากบนสุด 1 ช่อง และจังหวะตอนลงควรทำให้ดัมเบลลงมาเสมอหู หรือถ้าทำได้ควรให้ติดไหล่เพื่อให้ได้การฝึกที่มีประสิทธิภาพ.,LLM
ท่าฝึก,Workout P'Boss.pdf,สำหรับ Dumbbell Peacher Curl มีวิธีการตั้งค่าเบาะอย่างไร?,สำหรับ Dumbbell Peacher Curl มีวิธีการตั้งค่าเบาะอย่างไร?,ในการทำ Dumbbell Peacher Curl ควรปรับเบาะจากบนสุดลงมา 1 ช่อง และต้องแน่ใจว่าแขนอีกข้างหนึ่งที่ไม่ได้เล่นจับกับเบาะไว้เพื่อช่วย stabilizing ร่างกาย ในกรณีที่ไม่เคยทำท่านี้ควรเริ่มจากน้ำหนักที่เบาก่อน.,LLM
ท่าฝึก,Workout P'Boss.pdf,สำหรับ Dumbbell Peacher Curl มีวิธีการตั้งค่าเบาะอย่างไร?,การตั้งค่าเบาะสำหรับ Dumbbell Peacher Curl ควรทำอย่างไร?,ในการทำ Dumbbell Peacher Curl ควรปรับเบาะจากบนสุดลงมา 1 ช่อง และต้องแน่ใจว่าแขนอีกข้างหนึ่งที่ไม่ได้เล่นจับกับเบาะไว้เพื่อช่วย stabilizing ร่างกาย ในกรณีที่ไม่เคยทำท่านี้ควรเริ่มจากน้ำหนักที่เบาก่อน.,LLM
ท่าฝึก,Workout P'Boss.pdf,สำหรับ Dumbbell Peacher Curl มีวิธีการตั้งค่าเบาะอย่างไร?,มีขั้นตอนในการปรับเบาะสำหรับ Dumbbell Peacher Curl อย่างไร?,ในการทำ Dumbbell Peacher Curl ควรปรับเบาะจากบนสุดลงมา 1 ช่อง และต้องแน่ใจว่าแขนอีกข้างหนึ่งที่ไม่ได้เล่นจับกับเบาะไว้เพื่อช่วย stabilizing ร่างกาย ในกรณีที่ไม่เคยทำท่านี้ควรเริ่มจากน้ำหนักที่เบาก่อน.,LLM
ท่าฝึก,Workout P'Boss.pdf,สำหรับ Dumbbell Peacher Curl มีวิธีการตั้งค่าเบาะอย่างไร?,วิธีการตั้งค่าเบาะใน Dumbbell Peacher Curl คืออะไร?,ในการทำ Dumbbell Peacher Curl ควรปรับเบาะจากบนสุดลงมา 1 ช่อง และต้องแน่ใจว่าแขนอีกข้างหนึ่งที่ไม่ได้เล่นจับกับเบาะไว้เพื่อช่วย stabilizing ร่างกาย ในกรณีที่ไม่เคยทำท่านี้ควรเริ่มจากน้ำหนักที่เบาก่อน.,LLM
ท่าฝึก,Workout P'Boss.pdf,สำหรับ Dumbbell Peacher Curl มีวิธีการตั้งค่าเบาะอย่างไร?,ทำอย่างไรถึงจะตั้งค่าเบาะสำหรับ Dumbbell Peacher Curl ได้ตรงตามที่ต้องการ?,ในการทำ Dumbbell Peacher Curl ควรปรับเบาะจากบนสุดลงมา 1 ช่อง และต้องแน่ใจว่าแขนอีกข้างหนึ่งที่ไม่ได้เล่นจับกับเบาะไว้เพื่อช่วย stabilizing ร่างกาย ในกรณีที่ไม่เคยทำท่านี้ควรเริ่มจากน้ำหนักที่เบาก่อน.,LLM
ท่าฝึก,Workout P'Boss.pdf,สำหรับ Dumbbell Peacher Curl มีวิธีการตั้งค่าเบาะอย่างไร?,การปรับเบาะในขณะทำ Dumbbell Peacher Curl ต้องทำอย่างไร?,ในการทำ Dumbbell Peacher Curl ควรปรับเบาะจากบนสุดลงมา 1 ช่อง และต้องแน่ใจว่าแขนอีกข้างหนึ่งที่ไม่ได้เล่นจับกับเบาะไว้เพื่อช่วย stabilizing ร่างกาย ในกรณีที่ไม่เคยทำท่านี้ควรเริ่มจากน้ำหนักที่เบาก่อน.,LLM
ท่าฝึก,Workout P'Boss.pdf,Dumbbell Lateral Raises ทำอย่างไรเพื่อให้ถูกต้อง?,Dumbbell Lateral Raises ทำอย่างไรเพื่อให้ถูกต้อง?,ในท่าฝึก Dumbbell Lateral Raises ควรยืนตรงและถือดัมเบลไว้ในมือทั้งสองข้างแล้วยกออกไปด้านข้างในระนาบเดียวกันกับไหล่ เพื่อเสริมสร้างกล้ามเนื้อไหล่ด้านข้าง.,LLM
ท่าฝึก,Workout P'Boss.pdf,Dumbbell Lateral Raises ทำอย่างไรเพื่อให้ถูกต้อง?,วิธีการทำ Dumbbell Lateral Raises ที่ถูกต้องคืออะไร?,ในท่าฝึก Dumbbell Lateral Raises ควรยืนตรงและถือดัมเบลไว้ในมือทั้งสองข้างแล้วยกออกไปด้านข้างในระนาบเดียวกันกับไหล่ เพื่อเสริมสร้างกล้ามเนื้อไหล่ด้านข้าง.,LLM
ท่าฝึก,Workout P'Boss.pdf,Dumbbell Lateral Raises ทำอย่างไรเพื่อให้ถูกต้อง?,ขอคำแนะนำในการทำ Dumbbell Lateral Raises ให้ถูกต้องหน่อยได้ไหม?,ในท่าฝึก Dumbbell Lateral Raises ควรยืนตรงและถือดัมเบลไว้ในมือทั้งสองข้างแล้วยกออกไปด้านข้างในระนาบเดียวกันกับไหล่ เพื่อเสริมสร้างกล้ามเนื้อไหล่ด้านข้าง.,LLM
ท่าฝึก,Workout P'Boss.pdf,Dumbbell Lateral Raises ทำอย่างไรเพื่อให้ถูกต้อง?,Dumbbell Lateral Raises ควรทำยังไงถึงจะถูกต้อง?,ในท่าฝึก Dumbbell Lateral Raises ควรยืนตรงและถือดัมเบลไว้ในมือทั้งสองข้างแล้วยกออกไปด้านข้างในระนาบเดียวกันกับไหล่ เพื่อเสริมสร้างกล้ามเนื้อไหล่ด้านข้าง.,LLM
ท่าฝึก,Workout P'Boss.pdf,Dumbbell Lateral Raises ทำอย่างไรเพื่อให้ถูกต้อง?,ทำอย่างไรถึงจะได้เทคนิคที่ถูกต้องในการทำ Dumbbell Lateral Raises?,ในท่าฝึก Dumbbell Lateral Raises ควรยืนตรงและถือดัมเบลไว้ในมือทั้งสองข้างแล้วยกออกไปด้านข้างในระนาบเดียวกันกับไหล่ เพื่อเสริมสร้างกล้ามเนื้อไหล่ด้านข้าง.,LLM
ท่าฝึก,Workout P'Boss.pdf,Dumbbell Lateral Raises ทำอย่างไรเพื่อให้ถูกต้อง?,การทำ Dumbbell Lateral Raises อย่างถูกต้องมีวิธีการไหนบ้าง?,ในท่าฝึก Dumbbell Lateral Raises ควรยืนตรงและถือดัมเบลไว้ในมือทั้งสองข้างแล้วยกออกไปด้านข้างในระนาบเดียวกันกับไหล่ เพื่อเสริมสร้างกล้ามเนื้อไหล่ด้านข้าง.,LLM
การฝึกซ้อมกล้ามเนื้อ,Workout P'Boss.pdf,การทำ Diamond Push-Up ควรทำอย่างไรถ้าไม่แข็งแรงพอ?,การทำ Diamond Push-Up ควรทำอย่างไรถ้าไม่แข็งแรงพอ?,ถ้าผู้ฝึกไม่แข็งแรงพอที่จะทำ Diamond Push-Up แบบปกติ สามารถลดการขาลงมาให้ติดพื้นได้ เพื่อช่วยลดความยากในการฝึก!,LLM
การฝึกซ้อมกล้ามเนื้อ,Workout P'Boss.pdf,การทำ Diamond Push-Up ควรทำอย่างไรถ้าไม่แข็งแรงพอ?,ฉันควรทำ Diamond Push-Up อย่างไรหากยังไม่แข็งแรงพอ?,ถ้าผู้ฝึกไม่แข็งแรงพอที่จะทำ Diamond Push-Up แบบปกติ สามารถลดการขาลงมาให้ติดพื้นได้ เพื่อช่วยลดความยากในการฝึก!,LLM
การฝึกซ้อมกล้ามเนื้อ,Workout P'Boss.pdf,การทำ Diamond Push-Up ควรทำอย่างไรถ้าไม่แข็งแรงพอ?,มีวิธีฝึก Diamond Push-Up สำหรับคนที่ไม่แข็งแรงบ้างไหม?,ถ้าผู้ฝึกไม่แข็งแรงพอที่จะทำ Diamond Push-Up แบบปกติ สามารถลดการขาลงมาให้ติดพื้นได้ เพื่อช่วยลดความยากในการฝึก!,LLM
การฝึกซ้อมกล้ามเนื้อ,Workout P'Boss.pdf,การทำ Diamond Push-Up ควรทำอย่างไรถ้าไม่แข็งแรงพอ?,ถ้าฉันไม่แข็งแรงพอ ควรเริ่มต้นทำ Diamond Push-Up ยังไงดี?,ถ้าผู้ฝึกไม่แข็งแรงพอที่จะทำ Diamond Push-Up แบบปกติ สามารถลดการขาลงมาให้ติดพื้นได้ เพื่อช่วยลดความยากในการฝึก!,LLM
การฝึกซ้อมกล้ามเนื้อ,Workout P'Boss.pdf,การทำ Diamond Push-Up ควรทำอย่างไรถ้าไม่แข็งแรงพอ?,การทำ Diamond Push-Up สำหรับผู้ที่ไม่มีแรงควรทำอย่างไร?,ถ้าผู้ฝึกไม่แข็งแรงพอที่จะทำ Diamond Push-Up แบบปกติ สามารถลดการขาลงมาให้ติดพื้นได้ เพื่อช่วยลดความยากในการฝึก!,LLM
การฝึกซ้อมกล้ามเนื้อ,Workout P'Boss.pdf,การทำ Diamond Push-Up ควรทำอย่างไรถ้าไม่แข็งแรงพอ?,จะทำ Diamond Push-Up ได้อย่างไรถ้าฉันยังไม่แข็งแรง?,ถ้าผู้ฝึกไม่แข็งแรงพอที่จะทำ Diamond Push-Up แบบปกติ สามารถลดการขาลงมาให้ติดพื้นได้ เพื่อช่วยลดความยากในการฝึก!,LLM
Rule: Condition,Workout P'Boss.pdf,เงื่อนไขหรือกรณีที่กล่าวถึงคืออะไร,เงื่อนไขหรือกรณีที่กล่าวถึงคืออะไร,เมื่อ เทียบ กับ ตาราง Fullbody ที่ เลน ทุก มัน กลาม เนื้อ ตาราง U/L แบง เวลา การ เลน ใน แตละ ครั้ง ออก ไป เกือบ ครึ่ง ขอ เสีย: 1) วัน Lower,Rule-based
Rule: Condition,Workout P'Boss.pdf,เงื่อนไขหรือกรณีที่กล่าวถึงคืออะไร,เงื่อนไขหรือกรณีที่พูดถึงคืออะไร?,เมื่อ เทียบ กับ ตาราง Fullbody ที่ เลน ทุก มัน กลาม เนื้อ ตาราง U/L แบง เวลา การ เลน ใน แตละ ครั้ง ออก ไป เกือบ ครึ่ง ขอ เสีย: 1) วัน Lower,Rule-based
Rule: Condition,Workout P'Boss.pdf,เงื่อนไขหรือกรณีที่กล่าวถึงคืออะไร,กรณีและเงื่อนไขที่กล่าวถึงในนี้คือสิ่งใด?,เมื่อ เทียบ กับ ตาราง Fullbody ที่ เลน ทุก มัน กลาม เนื้อ ตาราง U/L แบง เวลา การ เลน ใน แตละ ครั้ง ออก ไป เกือบ ครึ่ง ขอ เสีย: 1) วัน Lower,Rule-based
Rule: Condition,Workout P'Boss.pdf,เงื่อนไขหรือกรณีที่กล่าวถึงคืออะไร,สิ่งที่เรียกว่าเงื่อนไขหรือกรณีนี้คืออะไร?,เมื่อ เทียบ กับ ตาราง Fullbody ที่ เลน ทุก มัน กลาม เนื้อ ตาราง U/L แบง เวลา การ เลน ใน แตละ ครั้ง ออก ไป เกือบ ครึ่ง ขอ เสีย: 1) วัน Lower,Rule-based
Rule: Condition,Workout P'Boss.pdf,เงื่อนไขหรือกรณีที่กล่าวถึงคืออะไร,สามารถอธิบายเงื่อนไขหรือกรณีที่เกี่ยวข้องได้ไหม?,เมื่อ เทียบ กับ ตาราง Fullbody ที่ เลน ทุก มัน กลาม เนื้อ ตาราง U/L แบง เวลา การ เลน ใน แตละ ครั้ง ออก ไป เกือบ ครึ่ง ขอ เสีย: 1) วัน Lower,Rule-based
Rule: Condition,Workout P'Boss.pdf,เงื่อนไขหรือกรณีที่กล่าวถึงคืออะไร,เงื่อนไขหรือกรณีที่เราได้พูดถึงคืออะไร?,เมื่อ เทียบ กับ ตาราง Fullbody ที่ เลน ทุก มัน กลาม เนื้อ ตาราง U/L แบง เวลา การ เลน ใน แตละ ครั้ง ออก ไป เกือบ ครึ่ง ขอ เสีย: 1) วัน Lower,Rule-based
การฝึกกล้ามเนื้อ,ความรู้พื้นฐาน ในการเล่นยิม.pdf.pdf,Full Range of Motion คืออะไร และทำไมต้องฝึก?,Full Range of Motion คืออะไร และทำไมต้องฝึก?,"Full Range of Motion (ROM) คือการทำให้ข้อต่อและกล้ามเนื้อเคลื่อนไหวให้ครบทุกช่วง หรือตามระยะที่สามารถเคลื่อนไหวได้เต็มที่ การฝึก Full ROM จะช่วยกระตุ้นกล้ามเนื้อให้ทำงานในทุกจุด ซึ่งจะส่งผลให้กล้ามเนื้อเติบโตมากขึ้น, เพิ่มความยืดหยุ่น และลดความเสี่ยงในการบาดเจ็บ การฝึกจะช่วยให้ข้อต่อเคลื่อนไหวได้อย่างคล่องตัวและช่วยในการปรับพัฒนาร่างกายให้แข็งแรงได้ดียิ่งขึ้น",LLM
การฝึกกล้ามเนื้อ,ความรู้พื้นฐาน ในการเล่นยิม.pdf.pdf,Full Range of Motion คืออะไร และทำไมต้องฝึก?,Full Range of Motion คืออะไร และทำไมถึงควรฝึก?,"Full Range of Motion (ROM) คือการทำให้ข้อต่อและกล้ามเนื้อเคลื่อนไหวให้ครบทุกช่วง หรือตามระยะที่สามารถเคลื่อนไหวได้เต็มที่ การฝึก Full ROM จะช่วยกระตุ้นกล้ามเนื้อให้ทำงานในทุกจุด ซึ่งจะส่งผลให้กล้ามเนื้อเติบโตมากขึ้น, เพิ่มความยืดหยุ่น และลดความเสี่ยงในการบาดเจ็บ การฝึกจะช่วยให้ข้อต่อเคลื่อนไหวได้อย่างคล่องตัวและช่วยในการปรับพัฒนาร่างกายให้แข็งแรงได้ดียิ่งขึ้น",LLM
การฝึกกล้ามเนื้อ,ความรู้พื้นฐาน ในการเล่นยิม.pdf.pdf,Full Range of Motion คืออะไร และทำไมต้องฝึก?,ความหมายของ Full Range of Motion คืออะไร และมีความสำคัญอย่างไรในการฝึก?,"Full Range of Motion (ROM) คือการทำให้ข้อต่อและกล้ามเนื้อเคลื่อนไหวให้ครบทุกช่วง หรือตามระยะที่สามารถเคลื่อนไหวได้เต็มที่ การฝึก Full ROM จะช่วยกระตุ้นกล้ามเนื้อให้ทำงานในทุกจุด ซึ่งจะส่งผลให้กล้ามเนื้อเติบโตมากขึ้น, เพิ่มความยืดหยุ่น และลดความเสี่ยงในการบาดเจ็บ การฝึกจะช่วยให้ข้อต่อเคลื่อนไหวได้อย่างคล่องตัวและช่วยในการปรับพัฒนาร่างกายให้แข็งแรงได้ดียิ่งขึ้น",LLM
การฝึกกล้ามเนื้อ,ความรู้พื้นฐาน ในการเล่นยิม.pdf.pdf,Full Range of Motion คืออะไร และทำไมต้องฝึก?,Full Range of Motion นั้นหมายถึงอะไร และทำไมเราถึงต้องมีการฝึกซ้อมแบบนี้?,"Full Range of Motion (ROM) คือการทำให้ข้อต่อและกล้ามเนื้อเคลื่อนไหวให้ครบทุกช่วง หรือตามระยะที่สามารถเคลื่อนไหวได้เต็มที่ การฝึก Full ROM จะช่วยกระตุ้นกล้ามเนื้อให้ทำงานในทุกจุด ซึ่งจะส่งผลให้กล้ามเนื้อเติบโตมากขึ้น, เพิ่มความยืดหยุ่น และลดความเสี่ยงในการบาดเจ็บ การฝึกจะช่วยให้ข้อต่อเคลื่อนไหวได้อย่างคล่องตัวและช่วยในการปรับพัฒนาร่างกายให้แข็งแรงได้ดียิ่งขึ้น",LLM
การฝึกกล้ามเนื้อ,ความรู้พื้นฐาน ในการเล่นยิม.pdf.pdf,Full Range of Motion คืออะไร และทำไมต้องฝึก?,ทำความเข้าใจเกี่ยวกับ Full Range of Motion ว่าคืออะไร และเหตุใดการฝึกนี้จึงมีความสำคัญ?,"Full Range of Motion (ROM) คือการทำให้ข้อต่อและกล้ามเนื้อเคลื่อนไหวให้ครบทุกช่วง หรือตามระยะที่สามารถเคลื่อนไหวได้เต็มที่ การฝึก Full ROM จะช่วยกระตุ้นกล้ามเนื้อให้ทำงานในทุกจุด ซึ่งจะส่งผลให้กล้ามเนื้อเติบโตมากขึ้น, เพิ่มความยืดหยุ่น และลดความเสี่ยงในการบาดเจ็บ การฝึกจะช่วยให้ข้อต่อเคลื่อนไหวได้อย่างคล่องตัวและช่วยในการปรับพัฒนาร่างกายให้แข็งแรงได้ดียิ่งขึ้น",LLM
การฝึกกล้ามเนื้อ,ความรู้พื้นฐาน ในการเล่นยิม.pdf.pdf,Full Range of Motion คืออะไร และทำไมต้องฝึก?,Full Range of Motion คือสิ่งใด และเพราะเหตุใดการฝึกจึงมีความจำเป็น?,"Full Range of Motion (ROM) คือการทำให้ข้อต่อและกล้ามเนื้อเคลื่อนไหวให้ครบทุกช่วง หรือตามระยะที่สามารถเคลื่อนไหวได้เต็มที่ การฝึก Full ROM จะช่วยกระตุ้นกล้ามเนื้อให้ทำงานในทุกจุด ซึ่งจะส่งผลให้กล้ามเนื้อเติบโตมากขึ้น, เพิ่มความยืดหยุ่น และลดความเสี่ยงในการบาดเจ็บ การฝึกจะช่วยให้ข้อต่อเคลื่อนไหวได้อย่างคล่องตัวและช่วยในการปรับพัฒนาร่างกายให้แข็งแรงได้ดียิ่งขึ้น",LLM
การฝึกกล้ามเนื้อ,ความรู้พื้นฐาน ในการเล่นยิม.pdf.pdf,Train to Failure คืออะไร?,Train to Failure คืออะไร?,Train to Failure คือวิธีการฝึกซึ่งมุ่งเน้นการทำงานของกล้ามเนื้อให้ถึงจุดที่ไม่สามารถเคลื่อนไหวซ้ำได้ด้วยท่าทางที่ถูกต้อง การฝึกในลักษณะนี้ช่วยกำหนดความเข้มข้นของการฝึก โดยมักจะเกิดจากการทำซ้ำจนกล้ามเนื้อไม่สามารถดำเนินการต่อไปได้ ซึ่งจะสร้างลักษณะการฝึกที่มีประสิทธิภาพและเพิ่มการเติบโตของกล้ามเนื้อ,LLM
การฝึกกล้ามเนื้อ,ความรู้พื้นฐาน ในการเล่นยิม.pdf.pdf,Train to Failure คืออะไร?,Train to Failure หมายถึงอะไร?,Train to Failure คือวิธีการฝึกซึ่งมุ่งเน้นการทำงานของกล้ามเนื้อให้ถึงจุดที่ไม่สามารถเคลื่อนไหวซ้ำได้ด้วยท่าทางที่ถูกต้อง การฝึกในลักษณะนี้ช่วยกำหนดความเข้มข้นของการฝึก โดยมักจะเกิดจากการทำซ้ำจนกล้ามเนื้อไม่สามารถดำเนินการต่อไปได้ ซึ่งจะสร้างลักษณะการฝึกที่มีประสิทธิภาพและเพิ่มการเติบโตของกล้ามเนื้อ,LLM
การฝึกกล้ามเนื้อ,ความรู้พื้นฐาน ในการเล่นยิม.pdf.pdf,Train to Failure คืออะไร?,การฝึกแบบ Train to Failure คืออะไร?,Train to Failure คือวิธีการฝึกซึ่งมุ่งเน้นการทำงานของกล้ามเนื้อให้ถึงจุดที่ไม่สามารถเคลื่อนไหวซ้ำได้ด้วยท่าทางที่ถูกต้อง การฝึกในลักษณะนี้ช่วยกำหนดความเข้มข้นของการฝึก โดยมักจะเกิดจากการทำซ้ำจนกล้ามเนื้อไม่สามารถดำเนินการต่อไปได้ ซึ่งจะสร้างลักษณะการฝึกที่มีประสิทธิภาพและเพิ่มการเติบโตของกล้ามเนื้อ,LLM
การฝึกกล้ามเนื้อ,ความรู้พื้นฐาน ในการเล่นยิม.pdf.pdf,Train to Failure คืออะไร?,Train to Failure เป็นแนวทางการฝึกอย่างไร?,Train to Failure คือวิธีการฝึกซึ่งมุ่งเน้นการทำงานของกล้ามเนื้อให้ถึงจุดที่ไม่สามารถเคลื่อนไหวซ้ำได้ด้วยท่าทางที่ถูกต้อง การฝึกในลักษณะนี้ช่วยกำหนดความเข้มข้นของการฝึก โดยมักจะเกิดจากการทำซ้ำจนกล้ามเนื้อไม่สามารถดำเนินการต่อไปได้ ซึ่งจะสร้างลักษณะการฝึกที่มีประสิทธิภาพและเพิ่มการเติบโตของกล้ามเนื้อ,LLM
การฝึกกล้ามเนื้อ,ความรู้พื้นฐาน ในการเล่นยิม.pdf.pdf,Train to Failure คืออะไร?,คุณรู้จักคำว่า Train to Failure ไหม?,Train to Failure คือวิธีการฝึกซึ่งมุ่งเน้นการทำงานของกล้ามเนื้อให้ถึงจุดที่ไม่สามารถเคลื่อนไหวซ้ำได้ด้วยท่าทางที่ถูกต้อง การฝึกในลักษณะนี้ช่วยกำหนดความเข้มข้นของการฝึก โดยมักจะเกิดจากการทำซ้ำจนกล้ามเนื้อไม่สามารถดำเนินการต่อไปได้ ซึ่งจะสร้างลักษณะการฝึกที่มีประสิทธิภาพและเพิ่มการเติบโตของกล้ามเนื้อ,LLM
การฝึกกล้ามเนื้อ,ความรู้พื้นฐาน ในการเล่นยิม.pdf.pdf,Train to Failure คืออะไร?,Train to Failure มีความหมายว่าอย่างไร?,Train to Failure คือวิธีการฝึกซึ่งมุ่งเน้นการทำงานของกล้ามเนื้อให้ถึงจุดที่ไม่สามารถเคลื่อนไหวซ้ำได้ด้วยท่าทางที่ถูกต้อง การฝึกในลักษณะนี้ช่วยกำหนดความเข้มข้นของการฝึก โดยมักจะเกิดจากการทำซ้ำจนกล้ามเนื้อไม่สามารถดำเนินการต่อไปได้ ซึ่งจะสร้างลักษณะการฝึกที่มีประสิทธิภาพและเพิ่มการเติบโตของกล้ามเนื้อ,LLM
การยืดกล้ามเนื้อ,ความรู้พื้นฐาน ในการเล่นยิม.pdf.pdf,การยืดกล้ามเนื้อมีประเภทอะไรบ้างและทำไมจึงสำคัญ?,การยืดกล้ามเนื้อมีประเภทอะไรบ้างและทำไมจึงสำคัญ?,การยืดกล้ามเนื้อมี 2 ประเภทหลัก คือ Static Stretch (การยืดค้าง) และ Dynamic Stretch (การยืดแบบเคลื่อนไหว) การยืดเป็นส่วนสำคัญของการออกกำลังกาย เนื่องจากสามารถช่วยเพิ่มความยืดหยุ่นให้แก่กล้ามเนื้อ และลดความเสี่ยงจากการบาดเจ็บ การยืดยังช่วยให้กล้ามเนื้อผ่อนคลายหลังจากการฝึก และเพิ่มเปอร์เซ็นต์ในการเคลื่อนไหวที่มีประสิทธิภาพ,LLM
การยืดกล้ามเนื้อ,ความรู้พื้นฐาน ในการเล่นยิม.pdf.pdf,การยืดกล้ามเนื้อมีประเภทอะไรบ้างและทำไมจึงสำคัญ?,มีกี่ประเภทของการยืดกล้ามเนื้อและทำไมมันถึงมีความสำคัญ?,การยืดกล้ามเนื้อมี 2 ประเภทหลัก คือ Static Stretch (การยืดค้าง) และ Dynamic Stretch (การยืดแบบเคลื่อนไหว) การยืดเป็นส่วนสำคัญของการออกกำลังกาย เนื่องจากสามารถช่วยเพิ่มความยืดหยุ่นให้แก่กล้ามเนื้อ และลดความเสี่ยงจากการบาดเจ็บ การยืดยังช่วยให้กล้ามเนื้อผ่อนคลายหลังจากการฝึก และเพิ่มเปอร์เซ็นต์ในการเคลื่อนไหวที่มีประสิทธิภาพ,LLM
การยืดกล้ามเนื้อ,ความรู้พื้นฐาน ในการเล่นยิม.pdf.pdf,การยืดกล้ามเนื้อมีประเภทอะไรบ้างและทำไมจึงสำคัญ?,ประเภทต่าง ๆ ของการยืดกล้ามเนื้อมีอะไรบ้าง และทำไมการยืดถึงจำเป็น?,การยืดกล้ามเนื้อมี 2 ประเภทหลัก คือ Static Stretch (การยืดค้าง) และ Dynamic Stretch (การยืดแบบเคลื่อนไหว) การยืดเป็นส่วนสำคัญของการออกกำลังกาย เนื่องจากสามารถช่วยเพิ่มความยืดหยุ่นให้แก่กล้ามเนื้อ และลดความเสี่ยงจากการบาดเจ็บ การยืดยังช่วยให้กล้ามเนื้อผ่อนคลายหลังจากการฝึก และเพิ่มเปอร์เซ็นต์ในการเคลื่อนไหวที่มีประสิทธิภาพ,LLM
การยืดกล้ามเนื้อ,ความรู้พื้นฐาน ในการเล่นยิม.pdf.pdf,การยืดกล้ามเนื้อมีประเภทอะไรบ้างและทำไมจึงสำคัญ?,การยืดกล้ามเนื้อแบ่งออกเป็นประเภทอะไรบ้าง และทำไมถึงต้องทำ?,การยืดกล้ามเนื้อมี 2 ประเภทหลัก คือ Static Stretch (การยืดค้าง) และ Dynamic Stretch (การยืดแบบเคลื่อนไหว) การยืดเป็นส่วนสำคัญของการออกกำลังกาย เนื่องจากสามารถช่วยเพิ่มความยืดหยุ่นให้แก่กล้ามเนื้อ และลดความเสี่ยงจากการบาดเจ็บ การยืดยังช่วยให้กล้ามเนื้อผ่อนคลายหลังจากการฝึก และเพิ่มเปอร์เซ็นต์ในการเคลื่อนไหวที่มีประสิทธิภาพ,LLM
การยืดกล้ามเนื้อ,ความรู้พื้นฐาน ในการเล่นยิม.pdf.pdf,การยืดกล้ามเนื้อมีประเภทอะไรบ้างและทำไมจึงสำคัญ?,การยืดกล้ามเนื้อมีชนิดใดบ้าง และเหตุใดจึงเป็นสิ่งสำคัญ?,การยืดกล้ามเนื้อมี 2 ประเภทหลัก คือ Static Stretch (การยืดค้าง) และ Dynamic Stretch (การยืดแบบเคลื่อนไหว) การยืดเป็นส่วนสำคัญของการออกกำลังกาย เนื่องจากสามารถช่วยเพิ่มความยืดหยุ่นให้แก่กล้ามเนื้อ และลดความเสี่ยงจากการบาดเจ็บ การยืดยังช่วยให้กล้ามเนื้อผ่อนคลายหลังจากการฝึก และเพิ่มเปอร์เซ็นต์ในการเคลื่อนไหวที่มีประสิทธิภาพ,LLM
การยืดกล้ามเนื้อ,ความรู้พื้นฐาน ในการเล่นยิม.pdf.pdf,การยืดกล้ามเนื้อมีประเภทอะไรบ้างและทำไมจึงสำคัญ?,สิ่งที่ควรรู้เกี่ยวกับประเภทของการยืดกล้ามเนื้อและความสำคัญของมันคืออะไร?,การยืดกล้ามเนื้อมี 2 ประเภทหลัก คือ Static Stretch (การยืดค้าง) และ Dynamic Stretch (การยืดแบบเคลื่อนไหว) การยืดเป็นส่วนสำคัญของการออกกำลังกาย เนื่องจากสามารถช่วยเพิ่มความยืดหยุ่นให้แก่กล้ามเนื้อ และลดความเสี่ยงจากการบาดเจ็บ การยืดยังช่วยให้กล้ามเนื้อผ่อนคลายหลังจากการฝึก และเพิ่มเปอร์เซ็นต์ในการเคลื่อนไหวที่มีประสิทธิภาพ,LLM
การเสริมสร้างกล้ามเนื้อ,ความรู้พื้นฐาน ในการเล่นยิม.pdf.pdf,การฝึกกล้ามเนื้อมีประโยชน์อย่างไร?,การฝึกกล้ามเนื้อมีประโยชน์อย่างไร?,"การฝึกกล้ามเนื้อช่วยเสริมสร้างความแข็งแรงให้แก่ร่างกาย โดยเพิ่มความสามารถในการเคลื่อนไหว, เสริมสร้างมวลกล้ามเนื้อ และเพิ่มความอดทน การฝึกยังช่วยกระตุ้นกระบวนการเผาผลาญในร่างกาย และช่วยเพิ่มความมั่นใจให้แก่ผู้ฝึก การรู้จักพัฒนาวิธีการฝึกอย่างเหมาะสมก็จะช่วยลดความเสี่ยงจากการบาดเจ็บอีกด้วย",LLM
การเสริมสร้างกล้ามเนื้อ,ความรู้พื้นฐาน ในการเล่นยิม.pdf.pdf,การฝึกกล้ามเนื้อมีประโยชน์อย่างไร?,การออกกำลังกายเพื่อเสริมกล้ามเนื้อมีข้อดีอะไรบ้าง?,"การฝึกกล้ามเนื้อช่วยเสริมสร้างความแข็งแรงให้แก่ร่างกาย โดยเพิ่มความสามารถในการเคลื่อนไหว, เสริมสร้างมวลกล้ามเนื้อ และเพิ่มความอดทน การฝึกยังช่วยกระตุ้นกระบวนการเผาผลาญในร่างกาย และช่วยเพิ่มความมั่นใจให้แก่ผู้ฝึก การรู้จักพัฒนาวิธีการฝึกอย่างเหมาะสมก็จะช่วยลดความเสี่ยงจากการบาดเจ็บอีกด้วย",LLM
การเสริมสร้างกล้ามเนื้อ,ความรู้พื้นฐาน ในการเล่นยิม.pdf.pdf,การฝึกกล้ามเนื้อมีประโยชน์อย่างไร?,ผลประโยชน์ของการฝึกกล้ามเนื้อคืออะไร?,"การฝึกกล้ามเนื้อช่วยเสริมสร้างความแข็งแรงให้แก่ร่างกาย โดยเพิ่มความสามารถในการเคลื่อนไหว, เสริมสร้างมวลกล้ามเนื้อ และเพิ่มความอดทน การฝึกยังช่วยกระตุ้นกระบวนการเผาผลาญในร่างกาย และช่วยเพิ่มความมั่นใจให้แก่ผู้ฝึก การรู้จักพัฒนาวิธีการฝึกอย่างเหมาะสมก็จะช่วยลดความเสี่ยงจากการบาดเจ็บอีกด้วย",LLM
การเสริมสร้างกล้ามเนื้อ,ความรู้พื้นฐาน ในการเล่นยิม.pdf.pdf,การฝึกกล้ามเนื้อมีประโยชน์อย่างไร?,ทำไมการฝึกกล้ามเนื้อถึงมีความสำคัญ?,"การฝึกกล้ามเนื้อช่วยเสริมสร้างความแข็งแรงให้แก่ร่างกาย โดยเพิ่มความสามารถในการเคลื่อนไหว, เสริมสร้างมวลกล้ามเนื้อ และเพิ่มความอดทน การฝึกยังช่วยกระตุ้นกระบวนการเผาผลาญในร่างกาย และช่วยเพิ่มความมั่นใจให้แก่ผู้ฝึก การรู้จักพัฒนาวิธีการฝึกอย่างเหมาะสมก็จะช่วยลดความเสี่ยงจากการบาดเจ็บอีกด้วย",LLM
การเสริมสร้างกล้ามเนื้อ,ความรู้พื้นฐาน ในการเล่นยิม.pdf.pdf,การฝึกกล้ามเนื้อมีประโยชน์อย่างไร?,การเสริมสร้างกล้ามเนื้อช่วยให้เกิดประโยชน์อะไร?,"การฝึกกล้ามเนื้อช่วยเสริมสร้างความแข็งแรงให้แก่ร่างกาย โดยเพิ่มความสามารถในการเคลื่อนไหว, เสริมสร้างมวลกล้ามเนื้อ และเพิ่มความอดทน การฝึกยังช่วยกระตุ้นกระบวนการเผาผลาญในร่างกาย และช่วยเพิ่มความมั่นใจให้แก่ผู้ฝึก การรู้จักพัฒนาวิธีการฝึกอย่างเหมาะสมก็จะช่วยลดความเสี่ยงจากการบาดเจ็บอีกด้วย",LLM
การเสริมสร้างกล้ามเนื้อ,ความรู้พื้นฐาน ในการเล่นยิม.pdf.pdf,การฝึกกล้ามเนื้อมีประโยชน์อย่างไร?,การพัฒนากล้ามเนื้อทำให้เกิดข้อดีอย่างไร?,"การฝึกกล้ามเนื้อช่วยเสริมสร้างความแข็งแรงให้แก่ร่างกาย โดยเพิ่มความสามารถในการเคลื่อนไหว, เสริมสร้างมวลกล้ามเนื้อ และเพิ่มความอดทน การฝึกยังช่วยกระตุ้นกระบวนการเผาผลาญในร่างกาย และช่วยเพิ่มความมั่นใจให้แก่ผู้ฝึก การรู้จักพัฒนาวิธีการฝึกอย่างเหมาะสมก็จะช่วยลดความเสี่ยงจากการบาดเจ็บอีกด้วย",LLM
การป้องกันการบาดเจ็บ,ความรู้พื้นฐาน ในการเล่นยิม.pdf.pdf,การฝึกอย่างปลอดภัยควรมีหลักการอย่างไร?,การฝึกอย่างปลอดภัยควรมีหลักการอย่างไร?,การฝึกอย่างปลอดภัยควรเริ่มจากการมีความรู้พื้นฐานเกี่ยวกับการฝึกกล้ามเนื้อ เช่น การเข้าใจกลไกการเคลื่อนไหวและการทำงานของกล้ามเนื้อ การเลือกท่าที่เหมาะสมในการฝึก การอบอุ่นร่างกายก่อนการฝึก และการยืดกล้ามเนื้อหลังจากการฝึก รวมถึงการไม่ฝึกโดยใช้น้ำหนักที่มากเกินไป และฟังเสียงร่างกายตัวเองเมื่อรู้สึกไม่สบายหรือบาดเจ็บ,LLM
การป้องกันการบาดเจ็บ,ความรู้พื้นฐาน ในการเล่นยิม.pdf.pdf,การฝึกอย่างปลอดภัยควรมีหลักการอย่างไร?,ควรมีหลักการอะไรบ้างในการฝึกอย่างปลอดภัย?,การฝึกอย่างปลอดภัยควรเริ่มจากการมีความรู้พื้นฐานเกี่ยวกับการฝึกกล้ามเนื้อ เช่น การเข้าใจกลไกการเคลื่อนไหวและการทำงานของกล้ามเนื้อ การเลือกท่าที่เหมาะสมในการฝึก การอบอุ่นร่างกายก่อนการฝึก และการยืดกล้ามเนื้อหลังจากการฝึก รวมถึงการไม่ฝึกโดยใช้น้ำหนักที่มากเกินไป และฟังเสียงร่างกายตัวเองเมื่อรู้สึกไม่สบายหรือบาดเจ็บ,LLM
การป้องกันการบาดเจ็บ,ความรู้พื้นฐาน ในการเล่นยิม.pdf.pdf,การฝึกอย่างปลอดภัยควรมีหลักการอย่างไร?,การฝึกอย่างปลอดภัยต้องใช้หลักการอะไร?,การฝึกอย่างปลอดภัยควรเริ่มจากการมีความรู้พื้นฐานเกี่ยวกับการฝึกกล้ามเนื้อ เช่น การเข้าใจกลไกการเคลื่อนไหวและการทำงานของกล้ามเนื้อ การเลือกท่าที่เหมาะสมในการฝึก การอบอุ่นร่างกายก่อนการฝึก และการยืดกล้ามเนื้อหลังจากการฝึก รวมถึงการไม่ฝึกโดยใช้น้ำหนักที่มากเกินไป และฟังเสียงร่างกายตัวเองเมื่อรู้สึกไม่สบายหรือบาดเจ็บ,LLM
การป้องกันการบาดเจ็บ,ความรู้พื้นฐาน ในการเล่นยิม.pdf.pdf,การฝึกอย่างปลอดภัยควรมีหลักการอย่างไร?,หลักการไหนที่สำคัญเมื่อฝึกด้วยความปลอดภัย?,การฝึกอย่างปลอดภัยควรเริ่มจากการมีความรู้พื้นฐานเกี่ยวกับการฝึกกล้ามเนื้อ เช่น การเข้าใจกลไกการเคลื่อนไหวและการทำงานของกล้ามเนื้อ การเลือกท่าที่เหมาะสมในการฝึก การอบอุ่นร่างกายก่อนการฝึก และการยืดกล้ามเนื้อหลังจากการฝึก รวมถึงการไม่ฝึกโดยใช้น้ำหนักที่มากเกินไป และฟังเสียงร่างกายตัวเองเมื่อรู้สึกไม่สบายหรือบาดเจ็บ,LLM
การป้องกันการบาดเจ็บ,ความรู้พื้นฐาน ในการเล่นยิม.pdf.pdf,การฝึกอย่างปลอดภัยควรมีหลักการอย่างไร?,เมื่อฝึกออกกำลังกายควรปฏิบัติตามหลักการอย่างไรเพื่อความปลอดภัย?,การฝึกอย่างปลอดภัยควรเริ่มจากการมีความรู้พื้นฐานเกี่ยวกับการฝึกกล้ามเนื้อ เช่น การเข้าใจกลไกการเคลื่อนไหวและการทำงานของกล้ามเนื้อ การเลือกท่าที่เหมาะสมในการฝึก การอบอุ่นร่างกายก่อนการฝึก และการยืดกล้ามเนื้อหลังจากการฝึก รวมถึงการไม่ฝึกโดยใช้น้ำหนักที่มากเกินไป และฟังเสียงร่างกายตัวเองเมื่อรู้สึกไม่สบายหรือบาดเจ็บ,LLM
การป้องกันการบาดเจ็บ,ความรู้พื้นฐาน ในการเล่นยิม.pdf.pdf,การฝึกอย่างปลอดภัยควรมีหลักการอย่างไร?,ในการฝึกอย่างปลอดภัยนั้น มีกฎเกณฑ์อะไรที่ต้องคำนึงถึง?,การฝึกอย่างปลอดภัยควรเริ่มจากการมีความรู้พื้นฐานเกี่ยวกับการฝึกกล้ามเนื้อ เช่น การเข้าใจกลไกการเคลื่อนไหวและการทำงานของกล้ามเนื้อ การเลือกท่าที่เหมาะสมในการฝึก การอบอุ่นร่างกายก่อนการฝึก และการยืดกล้ามเนื้อหลังจากการฝึก รวมถึงการไม่ฝึกโดยใช้น้ำหนักที่มากเกินไป และฟังเสียงร่างกายตัวเองเมื่อรู้สึกไม่สบายหรือบาดเจ็บ,LLM
การยืดกล้ามเนื้อ,ความรู้พื้นฐาน ในการเล่นยิม.pdf.pdf,การยืดกล้ามเนื้อประเภท Static Stretch คืออะไร?,การยืดกล้ามเนื้อประเภท Static Stretch คืออะไร?,การยืดกล้ามเนื้อประเภท Static Stretch เป็นการยืดกล้ามเนื้อโดยการยืดค้างไว้ประมาณ 15-30 วินาที เช่น การยืดแขนหลังหรือยืดขา ซึ่งมีจุดประสงค์เพื่อเพิ่มความยืดหยุ่นและคลายกล้ามเนื้อหลังจากการฝึก,LLM
การยืดกล้ามเนื้อ,ความรู้พื้นฐาน ในการเล่นยิม.pdf.pdf,การยืดกล้ามเนื้อประเภท Static Stretch คืออะไร?,การยืดกล้ามเนื้อแบบ static stretch คืออะไร?,การยืดกล้ามเนื้อประเภท Static Stretch เป็นการยืดกล้ามเนื้อโดยการยืดค้างไว้ประมาณ 15-30 วินาที เช่น การยืดแขนหลังหรือยืดขา ซึ่งมีจุดประสงค์เพื่อเพิ่มความยืดหยุ่นและคลายกล้ามเนื้อหลังจากการฝึก,LLM
การยืดกล้ามเนื้อ,ความรู้พื้นฐาน ในการเล่นยิม.pdf.pdf,การยืดกล้ามเนื้อประเภท Static Stretch คืออะไร?,static stretch คือการยืดกล้ามเนื้อประเภทไหน?,การยืดกล้ามเนื้อประเภท Static Stretch เป็นการยืดกล้ามเนื้อโดยการยืดค้างไว้ประมาณ 15-30 วินาที เช่น การยืดแขนหลังหรือยืดขา ซึ่งมีจุดประสงค์เพื่อเพิ่มความยืดหยุ่นและคลายกล้ามเนื้อหลังจากการฝึก,LLM
การยืดกล้ามเนื้อ,ความรู้พื้นฐาน ในการเล่นยิม.pdf.pdf,การยืดกล้ามเนื้อประเภท Static Stretch คืออะไร?,การยืดกล้ามเนื้อประเภท static stretch มีลักษณะอย่างไร?,การยืดกล้ามเนื้อประเภท Static Stretch เป็นการยืดกล้ามเนื้อโดยการยืดค้างไว้ประมาณ 15-30 วินาที เช่น การยืดแขนหลังหรือยืดขา ซึ่งมีจุดประสงค์เพื่อเพิ่มความยืดหยุ่นและคลายกล้ามเนื้อหลังจากการฝึก,LLM
การยืดกล้ามเนื้อ,ความรู้พื้นฐาน ในการเล่นยิม.pdf.pdf,การยืดกล้ามเนื้อประเภท Static Stretch คืออะไร?,แนวคิดเกี่ยวกับการยืดกล้ามเนื้อแบบ static stretch เป็นอย่างไร?,การยืดกล้ามเนื้อประเภท Static Stretch เป็นการยืดกล้ามเนื้อโดยการยืดค้างไว้ประมาณ 15-30 วินาที เช่น การยืดแขนหลังหรือยืดขา ซึ่งมีจุดประสงค์เพื่อเพิ่มความยืดหยุ่นและคลายกล้ามเนื้อหลังจากการฝึก,LLM
การยืดกล้ามเนื้อ,ความรู้พื้นฐาน ในการเล่นยิม.pdf.pdf,การยืดกล้ามเนื้อประเภท Static Stretch คืออะไร?,การ stretch แบบ static คืออะไรและมีข้อดีอย่างไร?,การยืดกล้ามเนื้อประเภท Static Stretch เป็นการยืดกล้ามเนื้อโดยการยืดค้างไว้ประมาณ 15-30 วินาที เช่น การยืดแขนหลังหรือยืดขา ซึ่งมีจุดประสงค์เพื่อเพิ่มความยืดหยุ่นและคลายกล้ามเนื้อหลังจากการฝึก,LLM
การยืดกล้ามเนื้อ,ความรู้พื้นฐาน ในการเล่นยิม.pdf.pdf,Dynamic Stretch คืออะไรและมีวิธีการอย่างไร?,Dynamic Stretch คืออะไรและมีวิธีการอย่างไร?,Dynamic Stretch คือการยืดกล้ามเนื้อแบบเคลื่อนไหว โดยจะยืดกล้ามเนื้อพร้อมกับการเคลื่อนไหวของร่างกาย เช่น การสวิงขาหรือการหมุนแขน โดยวิธีนี้มักจะทำเพื่อกระตุ้นกล้ามเนื้อและข้อก่อนการฝึก,LLM
การยืดกล้ามเนื้อ,ความรู้พื้นฐาน ในการเล่นยิม.pdf.pdf,Dynamic Stretch คืออะไรและมีวิธีการอย่างไร?,Dynamic Stretch หมายถึงอะไรและทำอย่างไรถึงจะถูกต้อง?,Dynamic Stretch คือการยืดกล้ามเนื้อแบบเคลื่อนไหว โดยจะยืดกล้ามเนื้อพร้อมกับการเคลื่อนไหวของร่างกาย เช่น การสวิงขาหรือการหมุนแขน โดยวิธีนี้มักจะทำเพื่อกระตุ้นกล้ามเนื้อและข้อก่อนการฝึก,LLM
การยืดกล้ามเนื้อ,ความรู้พื้นฐาน ในการเล่นยิม.pdf.pdf,Dynamic Stretch คืออะไรและมีวิธีการอย่างไร?,การยืดแบบไดนามิกคืออะไรและมีขั้นตอนอย่างไรในการทำ?,Dynamic Stretch คือการยืดกล้ามเนื้อแบบเคลื่อนไหว โดยจะยืดกล้ามเนื้อพร้อมกับการเคลื่อนไหวของร่างกาย เช่น การสวิงขาหรือการหมุนแขน โดยวิธีนี้มักจะทำเพื่อกระตุ้นกล้ามเนื้อและข้อก่อนการฝึก,LLM
การยืดกล้ามเนื้อ,ความรู้พื้นฐาน ในการเล่นยิม.pdf.pdf,Dynamic Stretch คืออะไรและมีวิธีการอย่างไร?,Dynamic Stretch คืออะไร? แล้ววิธีปฏิบัติทำยังไงบ้าง?,Dynamic Stretch คือการยืดกล้ามเนื้อแบบเคลื่อนไหว โดยจะยืดกล้ามเนื้อพร้อมกับการเคลื่อนไหวของร่างกาย เช่น การสวิงขาหรือการหมุนแขน โดยวิธีนี้มักจะทำเพื่อกระตุ้นกล้ามเนื้อและข้อก่อนการฝึก,LLM
การยืดกล้ามเนื้อ,ความรู้พื้นฐาน ในการเล่นยิม.pdf.pdf,Dynamic Stretch คืออะไรและมีวิธีการอย่างไร?,ช่วยอธิบายเกี่ยวกับ Dynamic Stretch และวิธีการทำให้หน่อยได้ไหม?,Dynamic Stretch คือการยืดกล้ามเนื้อแบบเคลื่อนไหว โดยจะยืดกล้ามเนื้อพร้อมกับการเคลื่อนไหวของร่างกาย เช่น การสวิงขาหรือการหมุนแขน โดยวิธีนี้มักจะทำเพื่อกระตุ้นกล้ามเนื้อและข้อก่อนการฝึก,LLM
การยืดกล้ามเนื้อ,ความรู้พื้นฐาน ในการเล่นยิม.pdf.pdf,Dynamic Stretch คืออะไรและมีวิธีการอย่างไร?,Dynamic Stretch มีความหมายว่าอะไร และเราจะทำมันอย่างไร?,Dynamic Stretch คือการยืดกล้ามเนื้อแบบเคลื่อนไหว โดยจะยืดกล้ามเนื้อพร้อมกับการเคลื่อนไหวของร่างกาย เช่น การสวิงขาหรือการหมุนแขน โดยวิธีนี้มักจะทำเพื่อกระตุ้นกล้ามเนื้อและข้อก่อนการฝึก,LLM
การฝึกกล้ามเนื้อ,ความรู้พื้นฐาน ในการเล่นยิม.pdf.pdf,การวอร์มอัพก่อนการฝึกมีความสำคัญอย่างไร?,การวอร์มอัพก่อนการฝึกมีความสำคัญอย่างไร?,การวอร์มอัพก่อนการฝึกเป็นสิ่งสำคัญเพราะช่วยเตรียมกล้ามเนื้อและข้อให้พร้อมสำหรับการออกกำลังกาย ซึ่งจะลดความเสี่ยงจากการบาดเจ็บและเพิ่มประสิทธิภาพในการฝึก,LLM
การฝึกกล้ามเนื้อ,ความรู้พื้นฐาน ในการเล่นยิม.pdf.pdf,การวอร์มอัพก่อนการฝึกมีความสำคัญอย่างไร?,ทำไมการวอร์มอัพก่อนการฝึกถึงมีความสำคัญ?,การวอร์มอัพก่อนการฝึกเป็นสิ่งสำคัญเพราะช่วยเตรียมกล้ามเนื้อและข้อให้พร้อมสำหรับการออกกำลังกาย ซึ่งจะลดความเสี่ยงจากการบาดเจ็บและเพิ่มประสิทธิภาพในการฝึก,LLM
การฝึกกล้ามเนื้อ,ความรู้พื้นฐาน ในการเล่นยิม.pdf.pdf,การวอร์มอัพก่อนการฝึกมีความสำคัญอย่างไร?,การวอร์มอัพก่อนฝึกซ้อมมีข้อดีอะไรบ้าง?,การวอร์มอัพก่อนการฝึกเป็นสิ่งสำคัญเพราะช่วยเตรียมกล้ามเนื้อและข้อให้พร้อมสำหรับการออกกำลังกาย ซึ่งจะลดความเสี่ยงจากการบาดเจ็บและเพิ่มประสิทธิภาพในการฝึก,LLM
การฝึกกล้ามเนื้อ,ความรู้พื้นฐาน ในการเล่นยิม.pdf.pdf,การวอร์มอัพก่อนการฝึกมีความสำคัญอย่างไร?,การวอร์มอัพก่อนการฝึกมีบทบาทสำคัญอย่างไร?,การวอร์มอัพก่อนการฝึกเป็นสิ่งสำคัญเพราะช่วยเตรียมกล้ามเนื้อและข้อให้พร้อมสำหรับการออกกำลังกาย ซึ่งจะลดความเสี่ยงจากการบาดเจ็บและเพิ่มประสิทธิภาพในการฝึก,LLM
การฝึกกล้ามเนื้อ,ความรู้พื้นฐาน ในการเล่นยิม.pdf.pdf,การวอร์มอัพก่อนการฝึกมีความสำคัญอย่างไร?,ความสำคัญของการวอร์มอัพก่อนการฝึกคืออะไร?,การวอร์มอัพก่อนการฝึกเป็นสิ่งสำคัญเพราะช่วยเตรียมกล้ามเนื้อและข้อให้พร้อมสำหรับการออกกำลังกาย ซึ่งจะลดความเสี่ยงจากการบาดเจ็บและเพิ่มประสิทธิภาพในการฝึก,LLM
การฝึกกล้ามเนื้อ,ความรู้พื้นฐาน ในการเล่นยิม.pdf.pdf,การวอร์มอัพก่อนการฝึกมีความสำคัญอย่างไร?,เหตุผลที่ควรวอร์มอัพก่อนฝึกคืออะไร?,การวอร์มอัพก่อนการฝึกเป็นสิ่งสำคัญเพราะช่วยเตรียมกล้ามเนื้อและข้อให้พร้อมสำหรับการออกกำลังกาย ซึ่งจะลดความเสี่ยงจากการบาดเจ็บและเพิ่มประสิทธิภาพในการฝึก,LLM
การยืดกล้ามเนื้อ,ความรู้พื้นฐาน ในการเล่นยิม.pdf.pdf,การยืดกล้ามเนื้อมีผลดีอย่างไรต่อร่างกาย?,การยืดกล้ามเนื้อมีผลดีอย่างไรต่อร่างกาย?,การยืดกล้ามเนื้อช่วยเพิ่มความยืดหยุ่นของกล้ามเนื้อ ทำให้เคลื่อนไหวได้ดีขึ้น ลดอาการตึงเครียดของกล้ามเนื้อ และช่วยให้การฟื้นตัวหลังการออกกำลังกายเร็วขึ้น,LLM
การยืดกล้ามเนื้อ,ความรู้พื้นฐาน ในการเล่นยิม.pdf.pdf,การยืดกล้ามเนื้อมีผลดีอย่างไรต่อร่างกาย?,การยืดกล้ามเนื้อมีประโยชน์อย่างไรต่อสุขภาพ?,การยืดกล้ามเนื้อช่วยเพิ่มความยืดหยุ่นของกล้ามเนื้อ ทำให้เคลื่อนไหวได้ดีขึ้น ลดอาการตึงเครียดของกล้ามเนื้อ และช่วยให้การฟื้นตัวหลังการออกกำลังกายเร็วขึ้น,LLM
การยืดกล้ามเนื้อ,ความรู้พื้นฐาน ในการเล่นยิม.pdf.pdf,การยืดกล้ามเนื้อมีผลดีอย่างไรต่อร่างกาย?,ทำไมการยืดกล้ามเนื้อจึงดีต่อร่างกาย?,การยืดกล้ามเนื้อช่วยเพิ่มความยืดหยุ่นของกล้ามเนื้อ ทำให้เคลื่อนไหวได้ดีขึ้น ลดอาการตึงเครียดของกล้ามเนื้อ และช่วยให้การฟื้นตัวหลังการออกกำลังกายเร็วขึ้น,LLM
การยืดกล้ามเนื้อ,ความรู้พื้นฐาน ในการเล่นยิม.pdf.pdf,การยืดกล้ามเนื้อมีผลดีอย่างไรต่อร่างกาย?,การยืดกล้ามเนื้อมีข้อดีอย่างไรสำหรับร่างกาย?,การยืดกล้ามเนื้อช่วยเพิ่มความยืดหยุ่นของกล้ามเนื้อ ทำให้เคลื่อนไหวได้ดีขึ้น ลดอาการตึงเครียดของกล้ามเนื้อ และช่วยให้การฟื้นตัวหลังการออกกำลังกายเร็วขึ้น,LLM
การยืดกล้ามเนื้อ,ความรู้พื้นฐาน ในการเล่นยิม.pdf.pdf,การยืดกล้ามเนื้อมีผลดีอย่างไรต่อร่างกาย?,ผลดีของการยืดกล้ามเนื้อมีอะไรบ้าง?,การยืดกล้ามเนื้อช่วยเพิ่มความยืดหยุ่นของกล้ามเนื้อ ทำให้เคลื่อนไหวได้ดีขึ้น ลดอาการตึงเครียดของกล้ามเนื้อ และช่วยให้การฟื้นตัวหลังการออกกำลังกายเร็วขึ้น,LLM
การยืดกล้ามเนื้อ,ความรู้พื้นฐาน ในการเล่นยิม.pdf.pdf,การยืดกล้ามเนื้อมีผลดีอย่างไรต่อร่างกาย?,ทำการยืดกล้ามเนื้อส่งผลดีต่อร่างกายอย่างไร?,การยืดกล้ามเนื้อช่วยเพิ่มความยืดหยุ่นของกล้ามเนื้อ ทำให้เคลื่อนไหวได้ดีขึ้น ลดอาการตึงเครียดของกล้ามเนื้อ และช่วยให้การฟื้นตัวหลังการออกกำลังกายเร็วขึ้น,LLM
การฝึกกล้ามเนื้อ,ความรู้พื้นฐาน ในการเล่นยิม.pdf.pdf,การฝึกเพื่อเพิ่มความยืดหยุ่นต้องทำอย่างไร?,การฝึกเพื่อเพิ่มความยืดหยุ่นต้องทำอย่างไร?,การฝึกเพื่อเพิ่มความยืดหยุ่นสามารถทำได้โดยการผสมผสานการยืดกล้ามเนื้อทั้งแบบ static และ dynamic เพื่อใช้งานในช่วงเวลาที่แตกต่างกัน และทำการเคลื่อนไหวอย่างสม่ำเสมอ,LLM
การฝึกกล้ามเนื้อ,ความรู้พื้นฐาน ในการเล่นยิม.pdf.pdf,การฝึกเพื่อเพิ่มความยืดหยุ่นต้องทำอย่างไร?,วิธีฝึกเพื่อเพิ่มความยืดหยุ่นมีอะไรบ้าง?,การฝึกเพื่อเพิ่มความยืดหยุ่นสามารถทำได้โดยการผสมผสานการยืดกล้ามเนื้อทั้งแบบ static และ dynamic เพื่อใช้งานในช่วงเวลาที่แตกต่างกัน และทำการเคลื่อนไหวอย่างสม่ำเสมอ,LLM
การฝึกกล้ามเนื้อ,ความรู้พื้นฐาน ในการเล่นยิม.pdf.pdf,การฝึกเพื่อเพิ่มความยืดหยุ่นต้องทำอย่างไร?,ทำอย่างไรถึงจะฝึกให้เกิดความยืดหยุ่นมากขึ้น?,การฝึกเพื่อเพิ่มความยืดหยุ่นสามารถทำได้โดยการผสมผสานการยืดกล้ามเนื้อทั้งแบบ static และ dynamic เพื่อใช้งานในช่วงเวลาที่แตกต่างกัน และทำการเคลื่อนไหวอย่างสม่ำเสมอ,LLM
การฝึกกล้ามเนื้อ,ความรู้พื้นฐาน ในการเล่นยิม.pdf.pdf,การฝึกเพื่อเพิ่มความยืดหยุ่นต้องทำอย่างไร?,การเพิ่มความยืดหยุ่นต้องมีการฝึกซ้อมอย่างไร?,การฝึกเพื่อเพิ่มความยืดหยุ่นสามารถทำได้โดยการผสมผสานการยืดกล้ามเนื้อทั้งแบบ static และ dynamic เพื่อใช้งานในช่วงเวลาที่แตกต่างกัน และทำการเคลื่อนไหวอย่างสม่ำเสมอ,LLM
การฝึกกล้ามเนื้อ,ความรู้พื้นฐาน ในการเล่นยิม.pdf.pdf,การฝึกเพื่อเพิ่มความยืดหยุ่นต้องทำอย่างไร?,ต้องทำอะไรก่อนเพื่อพัฒนาความยืดหยุ่น?,การฝึกเพื่อเพิ่มความยืดหยุ่นสามารถทำได้โดยการผสมผสานการยืดกล้ามเนื้อทั้งแบบ static และ dynamic เพื่อใช้งานในช่วงเวลาที่แตกต่างกัน และทำการเคลื่อนไหวอย่างสม่ำเสมอ,LLM
การฝึกกล้ามเนื้อ,ความรู้พื้นฐาน ในการเล่นยิม.pdf.pdf,การฝึกเพื่อเพิ่มความยืดหยุ่นต้องทำอย่างไร?,การฝึกที่ช่วยเสริมความยืดหยุ่นมีขั้นตอนอย่างไร?,การฝึกเพื่อเพิ่มความยืดหยุ่นสามารถทำได้โดยการผสมผสานการยืดกล้ามเนื้อทั้งแบบ static และ dynamic เพื่อใช้งานในช่วงเวลาที่แตกต่างกัน และทำการเคลื่อนไหวอย่างสม่ำเสมอ,LLM
